authors,title,journal,volume,issue,pages,year,doi,abstract,date
"Caya R, Gayed M, Wilson R, Childs JD, Christopherson RM, Fernandes LG, Lim YW, Pierobon A, Pryymachenko Y, Abbott JH",Do treatment expectations moderate the effect of manual therapy in people with knee osteoarthritis? A secondary analysis of randomised clinical trials,JOSPT Open,4,2,232–238,2026,10.2519/josptopen.2026.0180,"*Objective*\ To investigate whether treatment expectations for joint mobilisation or massage moderated the effect of manual therapy on pain outcomes in knee osteoarthritis (OA).\ \ *Design*\ Secondary moderation analysis of two 2#sym.times;2 factorial randomised controlled trials.\ \ *Methods*\ Data were pooled from two trials that compared manual therapy and exercise to exercise alone in 375 people with knee OA. Before randomisation, expectations were measured using a questionnaire that captured patients’ views about the effect of common OA treatments to reduce knee pain using a 5-point Likert scale ranging from ""completely disagree"" to ""completely agree"". Responses regarding joint mobilisation and massage were dichotomised into high and low expectations. The primary outcome was pain intensity at 9-weeks measured by Numeric Pain Rating Scale (NPRS). Linear regression models were used to test whether treatment expectations moderated manual therapy treatment response. Models were conducted separately for each of the two potential moderators (joint mobilisation and massage) and adjusted for the same covariates associated with the outcomes of the original trials.\ \ *Results*\ Primary regression analysis showed no significant interaction effect between manual therapy and treatment expectations on pain outcomes at 9-weeks follow-up (mobilisation: #sym.beta = #sym.minus;0.17, 95% CI: #sym.minus;0.90 to 0.56; massage: #sym.beta = #sym.minus;0.26, 95% CI: #sym.minus;1.00 to 0.47). Sensitivity analyses showed similar findings.\ \ *Conclusion*\ These exploratory findings indicated that treatment expectations did not moderate patient response to manual therapy for OA.",2026-04-15
"Pierobon A. Gaspar Fernandes L, Wilson R, Christopherson RM, Stanley J, Pryymachenko Y, Lim YW, Caya R, Gayed M, Abbott H",Validity of the Global Rating of Change in patients with chronic low back pain,Musculoskeletal Science and Practice,80,,103443,2025,10.1016/j.msksp.2025.103443,"*Background*\ The Global Rating of Change (GROC) is a widely used outcome measure that aims to capture change in overall health status. There is limited evidence on the validity of the GROC for measuring change among patients with chronic low back pain (CLBP), and little is known about which clinical variables explain the GROC score.\ \ *Objectives*\ This study aimed to assess the validity of the GROC in measuring change, and identify which clinical variables correlate with the GROC score in patients with CLBP.\ \ *Design*\ Retrospective observational study.\ \ *Methods*\ This secondary analysis included clinical data from patients with CLBP enrolled in a physiotherapy program. Data on pain intensity, function, pain catastrophizing, depression, and quality of life were collected at baseline and discharge, and the GROC scale was completed at discharge. We performed Spearman correlation and linear regression analyses to examine the relationship between the GROC and change/discharge scores for all clinical variables.\ \ *Results*\ Data from 102 participants were analysed. Spearman correlations between the GROC and discharge scores were greater (-0.46 to -0.71) than correlations between the GROC and change scores (-0.34 to -0.63) for all variables. The linear regression model including discharge scores explained a greater part of the variance of the GROC score (R<sup>2</sup> = 0.63) than the model including change scores (R<sup>2</sup> = 0.46). In both models, pain intensity was the variable most strongly associated with the GROC score.\ \ *Conclusion*\ Baseline and discharge outcome measures should be preferred over the GROC for measuring change after treatment in patients with CLBP.",2025-11-08
"Lim YW, Al-Busaidi IS, Caya R, Bricca A, Mangin D, Wilson R, Abbott JH",Effectiveness of interventions for the management of multimorbidity in primary care and community settings: systematic review and meta-analysis,Family Practice,42,6,,2025,10.1093/fampra/cmaf085,"*Background*\ Multimorbidity – the co-existence of two or more chronic health conditions in the same individual, without reference to an index condition – has become a global health issue and creates enormous pressure on the healthcare system. This review aimed to summarise evidence on the effectiveness of interventions used to manage people with multimorbidity.\ \ *Methods*\ MEDLINE, EMBASE, CINAHL, Cochrane Library, two trials registers, and grey literature were searched for studies of adults with multimorbidity receiving care in primary or community care settings up to 30-September-2024. Two reviewers independently screened studies for eligibility, extracted data, and assessed risk of bias and study certainty. Interventions were categorised as medicines management (MM), support for self-management (SSM), or care coordination plus support for self-management (CC+SSM). Meta-analyses for primary outcomes (health-related quality of life, healthcare utilisation, and healthcare costs) were conducted.\ \ *Results*\ From 10,272 titles screened, 33 eligible studies (this review:18, previous review:15; MM:6, SSM:9, CC+SSM:18) were identified, of which 26 studies with 9,449 participants were included in meta-analysis. Overall, there was little significant evidence of benefit of the interventions compared to usual care for most outcomes. SSM was associated with lower hospitalisation risk and medication costs, but slightly more emergency department (ED) visits; and CC+SSM with better SF-12 PCS score, lower hospitalisation risk and fewer ED visits, but more outpatient and general practitioner visits.\ \ *Conclusion*\ This review found some suggestions of improved outcomes and reduced healthcare utilisation (especially hospitalisation) for these interventions. There is a paucity of evidence reporting on health outcomes, especially healthcare costs, in the management of multimorbidity.",2025-10-20
"Pryymachenko Y, Wilson R, Dalbeth N, Abbott JH, Stamp L",Cost-effectiveness of low dose colchicine prophylaxis when starting allopurinol using the “start-low go-slow” approach for gout: evidence from a non-inferiority randomised double-blind placebo-controlled trial,Arthritis Care & Research,In press,,,2025,10.1002/acr.25631,"*Objective*\ The aim of this study was to investigate the cost-effectiveness of low-dose colchicine prophylaxis for preventing gout flares when starting allopurinol using the “start-low go-slow” approach.\ \ *Methods*\ Participants with gout, fulfilling the American College of Rheumatology recommendations for starting urate-lowering therapy and with serum urate #sym.gt.eq;0.36 mmol/L (6mg/dL), were randomly allocated (1:1) to either colchicine (0.5 mg daily) or placebo for six months with a further six-month follow-up. All participants received allopurinol, with monthly increase in dose to achieve target urate #sym.lt;0.36 mmol/L. The primary outcomes were incremental cost-effectiveness at 6-month and 1-year follow-up from the health system perspective, measured by incremental net monetary benefit (INMB) at a willingness-to-pay threshold equivalent to gross domestic product per capita.\ \ *Results*\ Two hundred participants were randomized to either colchicine (n=100) or placebo (n=100). Mean costs were higher in the colchicine group over both 6 months and 1 year (adjusted mean difference \$1 848 [95%CI −321 to 4 017] and \$2 282 [95%CI −173 to 4 737], respectively). Quality-adjusted life years were slightly higher in the colchicine group over 6 months (adjusted mean difference 0.008 [95%CI −0.020 to 0.035]), but lower over 1 year (−0.015, [95%CI −0.039 to 0.010]). Treatment with colchicine was not found to be cost-effective at either 6-months or 12-months (INMB #sym.minus;\$1 373 (95%CI −4 287 to 1 542) and −\$3 191 (95%CI −6 274 to −107), probability of cost-effectiveness 17.7% and 1.5%, respectively). Similar results were obtained from a societal perspective.\ \ *Conclusion*\ Six months of low-dose colchicine prophylaxis when starting allopurinol using the “start-low go-slow” approach is unlikely to be cost-effective over 12 months.",2025-11-25
"Pryymachenko Y, Wilson R, Abbott JH, Dowsey M, Choong P",The long-term impacts of opioid use before and after joint arthroplasty: matched cohort analysis of New Zealand linked register data,Family Practice,41,6,916–924,2024,10.1093/fampra/cmad112,"*Background*\ Opioids are commonly used both before and after total joint arthroplasty (TJA).\ \ *Objective*\ The objective of this study was to estimate the long-term effects of pre- and perioperative opioid use in patients undergoing TJA.\ \ *Methods*\ We used linked population datasets to identify all (n =18,666) patients who had a publicly funded TJA in New Zealand between 2011 and 2013. We used propensity score matching to match individuals who used opioids either before surgery, during hospital stay, or immediately post-discharge with individuals who did not based on a comprehensive set of covariates. Regression analysis was used to estimate the effect of opioid use on health and socio-economic outcomes over 5 years.\ \ *Results*\ Opioid use in the 3 months prior to surgery was associated with significant increases in healthcare utilization and costs (number of hospitalizations 6%, days spent in hospital 14.4%, opioid scripts dispensed 181%, and total healthcare costs 11%). Also increased were the rate of receiving social benefits (2 percentage points) and the rates of opioid overdose (0.5 percentage points) and mortality (3 percentage points). Opioid use during hospital stay or post-discharge was associated with increased long-term opioid use, but there was little evidence of other adverse effects.\ \ *Conclusions*\ Opioid use before TJA is associated with significant negative health and economic consequences and should be limited. This has implications for opioid prescribing in primary care. There is little evidence that peri- or post-operative opioid use is associated with significant long-term detriments.",2023-12-05
"Reynolds A, Hood F, Wilson R, Ross A, Neumann S, Turner R, Iosua E, Katare R, Shahin A, Kok Z-Y, Chan H, Coffey S, Mann J",Protocol for a three-arm randomised controlled trial of healthy grocery delivery in the usual care for adults recovering from an acute coronary event,BMJ Open,13,,e074278,2023,10.1136/bmjopen-2023-074278,"*Introduction*\ Coronary heart disease is a major contributor to the global burden of disease. Appropriate nutrition is a cornerstone of the prevention and treatment of coronary heart disease, however barriers including cost and access to recommended foods limits long-term adherence for many. We are conducting, in adults with coronary heart disease, a randomised controlled trial comparing usual care with two dietary interventions in which usual care is augmented by 12 weeks free delivered groceries.\ \ *Methods and analysis*\ Three hundred adults recovering from an acute coronary event will be recruited from outpatient cardiovascular services in three regions of Aotearoa New Zealand. Participants will be randomly allocated to three arms: usual care (control group), usual care and the free delivery of foods high in dietary fibre, or usual care and the free delivery of foods high in unsaturated fats. Interventions duration is 12 weeks, with a further 12 months follow up. The primary outcome measures are change in LDL cholesterol concentration following the intervention, and a cost effectiveness analysis of health care access and social costs in the year after the intervention. A broad range of secondary outcome measures include other blood lipids, anthropometry, glycaemia, inflammatory markers, gut microbiome, dietary biomarkers, food acceptability, dietary change, and the facilitators and barriers to dietary change. The trial will determine whether the free provision of groceries known to reduce cardiovascular risk within usual care will be clinically beneficial and justify the cost of doing so. Results may also provide an indication of the relative benefit of foods rich in dietary fibre or unsaturated fats in coronary heart disease management.\ \ *Ethics and dissemination*\ This trial, The Healthy Heart Study, has Health and Disability Ethics Committee approval (20/NTB/121), underwent Māori consultation, and has locality authority to be conducted in Canterbury, Otago, and Southland.\ \ *Registration*\ ACTRN12620000689976, U1111-1250-1499",2023-11-30
"Bühler M, Gwynne-Jones D, Chin M, Woodside J, Gough J, Wilson R, Abbott JH",Are the outcomes of relative motion extension orthoses non-inferior and cost-effective compared with dynamic extension orthoses for management of zones V-VI finger extensor tendon repairs: A randomized controlled trial,Journal of Hand Therapy,36,2,363–377,2023,10.1016/j.jht.2023.02.010,"*Introduction*\ There is no comparative evidence for relative motion extension (RME) orthosis with dynamic wrist-hand-finger-orthosis (WHFO) management of zones V-VI extensor tendon repairs.\ \ *Purpose of the study*\ To determine if RME with wrist-hand-orthosis (RME plus) is noninferior to dynamic WHFO for these zones in clinical outcomes.\ \ *Study design*\ Randomized controlled non-inferiority trial.\ \ *Methods*\ Skilled hand therapists managed 37 participants (95% male; mean age 39 years, SD 18) with repaired zones V-VI extensor tendons randomized to RME plus (n = 19) or dynamic WHFO (n = 18). The primary outcome of percentage of total active motion (%TAM) and secondary outcomes of satisfaction, function, and quality of life were measured at week-6 and -12 postoperatively; percentage grip strength (%Grip), complication rates, and cost data at week-12. Following the intention-to-treat principle non-inferiority was assessed using linear regression analysis (5% significance) and adjusted for injury complexity factors with an analysis of costs performed.\ \ *Results*\ RME plus was noninferior for %TAM at week-6 (adjusted estimates 2.5; 95% CI -9.0 to 14.0), %TAM at week-12 (0.3; -6.8 to 7.5), therapy satisfaction at week-6 and -12, and orthosis satisfaction, QuickDASH, and %Grip at week-12. Per protocol analysis yielded 2 tendon ruptures in the RME plus orthoses and 1 in the dynamic WHFO. There were no differences in health system and societal cost, or quality-adjusted life years.\ \ *Discussion*\ RME plus orthosis wearers had greater injury complexity than those in dynamic WHFOs, with overall rupture rate for both groups comparatively more than reported by others; however, percentage %TAM was comparable. The number of participants needed was underestimated, so risk of chance findings should be considered.\ \ *Conclusions*\ RME plus management of finger zones V-VI extensor tendon repairs is non-inferior to dynamic WHFO in %TAM, therapy and orthotic satisfaction, QuickDASH, and %Grip. Major costs associated with this injury are related to lost work time.",2023-04-10
"Abdel-Shaheed C, Mathieson S, Wilson R, Furmage A-M, Maher C",Who should judge treatment effects as unimportant?,Journal of Physiotherapy,69,3,133–135,2023,10.1016/j.jphys.2023.04.001,"It is common to encounter authors of trials, systematic reviews and guidelines dismissing treatments on the grounds that their effects are not large enough to be worthwhile. The basis is often as simple as the treatment effect not surpassing a standard benchmark, such as 15 units on a 0 to 100 pain scale. We have been guilty of this practice ourselves, but now realise that things are more complex. This Editorial begins with a brief introduction to the smallest worthwhile effect, also referred to as the minimum clinically important difference. It then explains the limitations of the standard benchmark approach and proposes a more nuanced approach that considers the complexity of the clinical encounter and the wishes of the patient. An example from pain research is used.",2023-06-27
"Darlow B, Brown M, Stanley J, Abbott H, Briggs A, Clark J, Frew G, Grainger R, Hood F, Hudson B, Keenan R, Marra C, McKinlay E, Pask A, Pierobon A, Simmonds S, Vincent L, Dean S",Reducing the burden of knee osteoarthritis through community pharmacy: protocol for a randomised controlled trial of the Knee Care for Arthritis through Pharmacy Service (KneeCAPS),Musculoskeletal Care,21,4,1053–1067,2023,10.1002/msc.1785,"*Introduction*\ Knee osteoarthritis (OA) negatively impacts the health outcomes and equity, social and employment participation, and socio-economic wellbeing of those affected. Little community-based support is offered to people with knee OA in Aotearoa New Zealand. Identifying Māori and non-Māori with knee OA in community pharmacy and providing co-ordinated, evidence- and community-based care may be a scalable, sustainable, equitable, effective and cost-effective approach to improve health and wellbeing.\ \ *Aim*\ Assess whether the Knee Care for Arthritis through Pharmacy Service (KneeCAPS) intervention improves knee-related physical function and pain (co-primary outcomes). Secondary aims assess impacts on health-related quality of life, employment participation, medication use, secondary health care utilisation, and relative effectiveness for Māori.\ \ *Methods and analysis*\ A pragmatic randomised controlled trial will compare the KneeCAPS intervention to the Pharmaceutical Society of New Zealand Arthritis Fact Sheet and usual care (active control) at 12 months for Māori and non-Māori who have knee OA. Participants will be recruited in community pharmacies. Knee-related physical function will be measured using the function subscale of the Short Form of the Western Ontario and McMaster Universities Osteoarthritis Index. Knee-related pain will be measured using an 11-point numeric pain rating scale. Primary outcome analyses will be conducted on an intention-to-treat basis using linear mixed models. Parallel within-trial health economic analysis and process evaluation will also be conducted.\ \ *Ethics and trial dissemination*\ Ethical approval was obtained from the Central Health and Ethics Committee (2022-EXP-11725). The trial is registered with ANZCTR (ACTRN12622000469718). Findings will be submitted for publication and shared with participants.",2023-05-22
"Pryymachenko Y, Wilson R, Abbott JH",Epidemiology of cruciate ligament injuries in New Zealand: exploring differences by ethnicity and socioeconomic status,Injury prevention,29,,213–218,2023,10.1136/ip-2022-044761,"*Objectives*\ To investigate the temporal trends and ethnic and socioeconomic disparities in cruciate ligament (CL) injury incidence and associated costs in New Zealand over a 14-year period.\ \ *Methods*\ All CL injury claims lodged between 2007 and 2020 were extracted from the Accident Compensation Corporation (a nationwide no-fault injury compensation scheme) claims dataset. Age-adjusted and sex-adjusted incidence rates, total injury costs and costs per claim were calculated for each year for total population and subgroups.\ \ *Results*\ The total number of CL injury claims increased from 6972 in 2007 to 8304 in 2019, then decreased to 7068 in 2020 (likely due to widespread COVID-19 restrictions; analysis is therefore restricted to 2007–2019 hereafter). The (age-adjusted and sex-adjusted) incidence rate remained largely unchanged and was 173 cases per 100 000 people in 2019. There was a 127% increase in total injury claims costs and a 90% increase in costs per claim. Pacific people had the highest incidence rate and costs per 100 000 people, while Asians had the lowest; European, Māori and ‘other’ ethnicities had similar incidence rates and total costs. Incidence rates and total costs increased with income and decreased with neighbourhood deprivation. Costs per claim differed little by ethnicity, but increased with income level.\ \ *Conclusion*\ The number and costs of CL injury claims in New Zealand are increasing. There are ethnic and socioeconomic disparities in CL incidence rates and costs, which are important to address when designing CL injury prevention programmes and programmes aimed at improving equity of access to medical care.",2023-06-05
"Sharma S, Wilson R, Pryymachenko Y, Pathak A, Chua J, Gwynne-Jones D, Bennell KL, Metcalf B, Hinman RS, Lim B-W, Abbott JH","Reliability, validity, responsiveness, and minimum important change of the Stair Climb Test in adults with hip and knee osteoarthritis",Arthritis Care & Research,75,5,1147–1157,2023,10.1002/acr.24821,"*Objective*\ The Osteoarthritis Research Society International (OARSI) recommends assessment of physical function using a performance-based test of stair negotiation but was unable to recommend any specific test. We assessed the reliability, validity, responsiveness, measurement error, and minimum important change (MIC) of the 6-step timed Stair Climb Test (SCT).\ \ *Methods*\ We used pooled data from 397 participants with hip or knee osteoarthritis (54% women) from 4 clinical trials (86% retained at 12-week follow-up). Construct validity was assessed by testing 6 a priori hypotheses against other OARSI-recommended physical function measures. A self-reported Global Rating of Change scale was used to classify participants as worsened, improved, and stable. Participants who worsened in physical function were excluded from all analyses. Responsiveness and MIC were assessed using multiple anchor-based and distribution-based approaches. Test–retest reliability, standard error of measurement (SEM), and smallest detectable change (SDC) were assessed on stable participants.\ \ *Results*\ Five of 6 hypotheses (83%) for construct validity were met. Test–retest reliability was excellent (intraclass correlation coefficient2,1 0.83; 95% confidence interval 0.71–0.90). The SEM and SDC values were 0.44 and 1.21 seconds, respectively. We did not find adequate support for responsiveness. The MIC values ranged from 0.78 to 1.95 seconds using different approaches (median 1.37 seconds).\ \ *Conclusion*\ The 6-step timed SCT adequately assesses the construct of physical function in individuals with hip or knee osteoarthritis with excellent 12-week test–retest reliability. However, support for its responsiveness was inadequate to recommend its use as an outcome measure in people with osteoarthritis for research and clinical practice.",2022-11-24
"Wilson R, Pryymachenko Y, Abbott JH, Dean S, Stanley J, Garrett S, Mathieson F, Dowell A, Darlow B",A Guideline-Implementation Intervention to Improve the Management of Low Back Pain in Primary Care: A Difference-in-Difference-in-Differences Analysis,Applied Health Economics and Health Policy,21,,253–262,2023,10.1007/s40258-022-00776-3,"*Background*\ Real-world adherence to clinical practice guidelines is often poor, resulting in sub-standard patient care and unnecessary healthcare costs. This study evaluates the effect of a guideline-implementation intervention for the management of low back pain (LBP) in general practice–the Fear Reduction Exercised Early (FREE) approach—on LBP-related injury insurance claims, healthcare utilisation, and costs of treatment.\ \ *Design*\ Data were extracted from comprehensive nationwide New Zealand injury insurance claims records. Data were analysed using a ‘triple-difference’ (difference-in-difference-in-differences) method to isolate the causal effect of FREE training on LBP claims activity, comparing the difference in general practitioner (GP) LBP claims and associated activity before and after training with their non-musculoskeletal injury claims for the same periods (assumed to be unaffected by training), relative to the same comparisons for GPs not trained in the FREE approach.\ \ *Results*\ Training GPs in the FREE approach resulted in significant reductions in the number of LBP injury claims lodged (− 19%, 95% CI −34 to −5), the use of physiotherapy (−30%, 95% CI − 42 to − 18) and imaging (− 27%, 95% CI − 46 to − 8%), and the healthcare costs (− 21%, 95% CI − 41 to − 1) of LBP injury. Changes in claims for earnings’ compensation (− 10%, 95% CI − 34 to 13) were not significant.\ \ *Conclusions*\ A brief guideline-implementation intervention following best-practice LBP management and guideline-implementation strategies achieved significant reductions, persisting over at least 6 to18 months, in healthcare utilisation consistent with improved delivery of guideline-concordant care.",2022-12-06
"Wilson R, Abbott JH, Mellor R, Grimaldi A, Bennell K, Vicenzino B",Education plus exercise for persistent gluteal tendinopathy improves quality of life and is cost-effective compared to corticosteroid injection and wait and see: Economic evaluation of a randomised trial,Journal of Physiotherapy,69,1,35–41,2023,10.1016/j.jphys.2022.11.007,"*Question*\ For patients with gluteal tendinopathy, what is the cost utility from health system and societal perspectives of three management approaches: education plus exercise, ultrasound-guided corticosteroid injection or wait and see?\ \ *Design*\ Economic evaluation alongside a three-group, parallel, randomised clinical efficacy trial.\ \ *Participants*\ People aged between 35 and 70 years with image-confirmed gluteal tendinopathy were recruited via advertisements.\ \ *Interventions*\ Education plus exercise, consisting of 14 visits to a physiotherapist, with detailed instruction on tendinopathy management, twice weekly supervised exercise sessions, daily home exercises, a handout and a CD; corticosteroid injection, consisting of one ultrasound-guided injection and a handout on general tendon care; and ‘wait and see’, consisting of one visit to a physiotherapist with assurance and advice on staying active whilst respecting pain.\ \ *Outcome measures*\ Economic outcome measures were quality-adjusted life years (QALYs) calculated from EuroQol EQ-5D-3L using Australian population preference weights, and total economic costs obtained from participant-reported data collected over the 1-year follow-up period. Missing data (#sym.lt;12% per group) were imputed. Linear regression was used to estimate incremental QALYs and costs between interventions; uncertainty was assessed by calculating 90% confidence intervals, cost-effectiveness acceptability curves and confidence ellipses.\ \ *Results*\ A total of 204 individuals (82% women) were enrolled. Incremental cost-effectiveness ratio favoured education plus exercise over corticosteroid injection (AU\$12,719 and \$5,592 on societal and health system perspectives, respectively) and over wait and see (\$29,258 and \$3,444 on societal and health system perspectives, respectively). Complete case analysis and varying the direct intervention costs did not change the (imputed analysis) results, with the exception that corticosteroid injection was less cost-effective.\ \ *Conclusion*\ Education plus exercise for gluteal tendinopathy improves health-related quality of life and is cost-effective compared with corticosteroid injection and wait and see for treating gluteal tendinopathy.",2023-01-03
"Abbott JH, Wilson R, Pryymachenko Y, Sharma S, Pathak A, Chua JYY",Economic evaluation: a reader's guide to studies of cost-effectiveness,Archives of Physiotherapy,12,,28,2022,10.1186/s40945-022-00154-1,"*Background*\ Understanding what an economic evaluation is, how to interpret it, and what it means for making choices in a health delivery context is necessary to contribute to decisions about healthcare resource allocation. The aim of this paper to demystify the working parts of a health economic evaluation, and explain to clinicians and clinical researchers how to read and interpret cost-effectiveness research.\ \ *Main body*\ This primer distils key content and constructs of economic evaluation studies, and explains health economic evaluation in plain language. We use the PICOT (participant, intervention, comparison, outcome, timeframe) clinical trial framework familiar to clinicians, clinical decision-makers, and clinical researchers, who may be unfamiliar with economics, as an aide to reading and interpreting cost-effectiveness research. We provide examples, primarily of physiotherapy interventions for osteoarthritis.\ \ *Conclusions*\ Economic evaluation studies are essential to improve decisions about allocating resources, whether those resources be your time, the capacity of your service, or the available funding across the entire healthcare system. The PICOT framework can be used to understand and interpret cost-effectiveness research.",2022-12-15
"Ribeiro DC, Tangrood ZJ, Wilson R, Sole G, Abbott JH",Tailored exercise and manual therapy versus standardised exercise for patients with shoulder subacromial pain: a feasibility randomised controlled trial (the Otago MASTER trial),BMJ Open,12,,e053572,2022,10.1136/bmjopen-2021-053572,"*Objectives*\ The aim of this study was to assess whether it was feasible to conduct a full trial comparing a tailored versus a standardised exercise programme for patients with shoulder subacromial pain.\ \ *Design*\ Two-arm, patient-blinded and assessor-blinded, randomised controlled feasibility trial.\ \ *Methods*\ Twenty-eight participants with shoulder subacromial pain were randomly allocated into one of two intervention groups—tailored or standardised exercise. Participants in the tailored exercise programme received exercises and manual therapy tailored to their scapular and shoulder movement impairments. Participants in the standardised exercise programme received progressive strengthening exercise. The primary outcome measures were (1) the participant recruitment rate; (2) the proportion of participants enrolled from the total number screened; (3) drop-out rates; and (4) adherence to the rehabilitation programme. Other outcome measures were: (5) pain levels; (6) Patient-Specific Functional Scale; (7) the Shoulder Pain and Disability Index; and (8) pain self-efficacy. We compared changes in pain and disability scores between groups using a repeated mixed-model analysis of variance. Since this is a feasibility study, we did not adjust alpha for multiple comparisons, and considered 75% CI as the probability threshold at 3-month follow-up. Health-related quality of life was assessed using the Short-Form 12 and quality-adjusted life years (QALYs) were estimated.\ \ *Results*\ The recruitment rate was 3 participants per month, the proportion of participants enrolled was 23%, the drop-out rate was 14% and the overall adherence to the rehabilitation programme was 85%. No between-group differences were found for most outcome measures. Adverse events (n=2, only in the tailored group) were minor in nature and included skin injury or pain following taping.\ \ *Conclusion*\ Our feasibility trial showed that additional strategies are required for improving recruitment, enrolment and minimising drop-out of participants into the trial and making it feasible to conduct a full trial.",2022-06-16
"Pathak A, Wilson R, Sharma S, Pryymachenko Y, Ribeiro DC, Chua J, Abbott JH",Measurement properties of the Patient-Specific Functional Scale and its current uses: An updated systematic review of 57 studies using COSMIN guidelines,Journal of Orthopaedic & Sports Physical Therapy,52,5,262–275,2022,10.2519/jospt.2022.10727,"*Objective*\ To systematically review measurement properties, including acceptability, feasibility, and interpretability, and current uses of the Patient-Specific Functional Scale (PSFS).\ \ *Design*\ Systematic review of a patient-reported outcome measure using the COnsensus-based Standards for the selection of health status Measurement INstruments (COSMIN) guidelines.\ \ *Literature Search*\ We searched 11 databases from January 2010 to July 2020 for articles on measurement properties or use of PSFS.\ \ *Study Selection Criteria*\ Published primary articles without language restrictions.\ \ *Data Synthesis*\ Two independent reviewers screened all records, extracted data, and performed risk of bias assessments using COSMIN guidelines. We qualitatively synthesized findings for each measurement property in musculoskeletal and nonmusculoskeletal conditions, and 2 reviewers independently performed Grading of Recommendations Assessment, Development and Evaluation assessments. This study was preregistered with the Open Science Framework ( https://doi.org/10.17605/OSF.IO/42UZT).\ \ *Results*\ Of the 985 articles screened, we included 57 articles on measurement properties and 255 articles on the use of PSFS. The PSFS had sufficient test-retest reliability in musculoskeletal (22 studies, 845 participants, low-to-moderate certainty) and nonmusculoskeletal conditions (6 studies, 197 participants, very low certainty), insufficient construct validity as a measure of physical function (21 studies, 2 945 participants, low-to-moderate certainty), and sufficient responsiveness (32 studies, 13 770 participants, moderate-to-high certainty). The standard error of measurement ranged from 0.35 to 1.5. The PSFS was used in 87 unique health conditions, some without prior evidence of validity.\ \ *Conclusion*\ The PSFS is an easy-to-use, reliable, and responsive scale in numerous musculoskeletal conditions, but the construct validity of PSFS remains uncertain. Further study of the measurement properties of the PSFS in nonmusculoskeletal conditions is necessary before clinical use.",2022-05-10
"Wilson R, Chua J, Pryymachenko Y, Pathak A, Sharma S, Abbott JH",Prioritizing Healthcare Interventions: A Comparison of Multicriteria Decision Analysis and Cost-Effectiveness Analysis,Value in Health,25,2,268–275,2022,10.1016/j.jval.2021.08.008,"*Objectives*\ To investigate the extent to which stated preferences for treatment criteria elicited using multicriteria decision analysis (MCDA) methods are consistent with the trade-offs (implicitly) applied in cost-effectiveness analysis (CEA), and the impact of any differences on the prioritization of treatments.\ \ *Methods*\ We used existing MCDA and CEA models developed to evaluate interventions for knee osteoarthritis in the New Zealand population. We established equivalent input parameters for each model, for the criteria “treatment effectiveness,” “cost,” “risk of serious harms,” and “risk of mild-to-moderate harms” across a comprehensive range of (hypothetical) interventions to produce a complete ranking of interventions from each model. We evaluated the consistency of these rankings between the 2 models and investigated any systematic differences between the (implied) weight placed on each criterion in determining rankings.\ \ *Results*\ There was an overall moderate-to-strong correlation in intervention rankings between the MCDA and CEA models (Spearman correlation coefficient = 0.51). Nevertheless, there were systematic differences in the evaluation of trade-offs between intervention attributes and the resulting weights placed on each criterion. The CEA model placed lower weights on risks of harm and much greater weight on cost (at all accepted levels of willingness-to-pay per quality-adjusted life-year than did respondents to the MCDA survey.\ \ *Conclusions*\ MCDA and CEA approaches to inform intervention prioritization may give systematically different results, even when considering the same criteria and input data. These differences should be considered when designing and interpreting such studies to inform treatment prioritization decisions.",2021-09-23
"Pryymachenko Y, Wilson R, Sharma S, Pathak A, Abbott JH",Are manual therapy or booster sessions worthwhile in addition to exercise therapy for knee osteoarthritis: Economic evaluation and 2-year follow-up of a randomized controlled trial,Musculoskeletal Science and Practice ,56,,102439,2021,10.1016/j.msksp.2021.102439,"*Background*\ Exercise therapy is known to be an effective intervention for patients with osteoarthritis, however the evidence is limited as to whether adding manual therapy or booster sessions are cost-effective strategies to extend the duration of benefits.\ \ *Objective*\ To investigate the cost-effectiveness, at 2-year follow-up, of adding manual therapy and/or booster sessions to exercise therapy.\ \ *Design*\ 2-by-2 factorial randomized controlled trial.\ \ *Methods*\ Participants with knee osteoarthritis were randomly allocated (1:1:1:1) to: exercise therapy delivered in consecutive sessions within 9 weeks (control group), exercise therapy distributed over 1 year using booster sessions, exercise therapy plus manual therapy delivered within 9 weeks, and exercise therapy plus manual therapy with booster sessions. The primary outcome was incremental cost-effectiveness from health system and societal perspectives interpreted as incremental net monetary benefit (INMB).\ \ *Results*\ Of 75 participants, 66 (88 %) were retained at 1-year and 40 (53 %) at 2-year follow-up. All three interventions were cost-effective from both the health system and societal perspectives (INMBs, at 0.5 × GDP/capita willingness to pay (WTP) threshold: \$3278 (95%CI -3244 to 9800) and \$3904 (95%CI -2823 to 10,632) respectively for booster sessions; \$2941 (95%CI -3686 to 9568) and \$2618 (95%CI -4005 to 9241) for manual therapy; \$270 (95%CI -6139 to 6679) and \$404 (95%CI -6097 to 6905) for manual therapy with booster sessions).\ \ *Conclusion*\ Manual therapy or booster sessions in addition to exercise therapy are cost-effective at 2-year follow-up. The evidence did not support combining both booster sessions and manual therapy in addition to exercise therapy.",2021-08-07
"Wilson RA, Gwynne-Jones DP, Sullivan TA, Abbott JH",Total hip and knee arthroplasty are highly cost-effective procedures: The importance of duration of follow-up,Journal of Arthroplasty,36,6,1864–1872.e10,2021,10.1016/j.arth.2021.01.038,"Background Total hip and knee arthroplasties (THA/TKA) are clinically effective but high cost procedures. The aim of this study is to perform a cost-effectiveness analysis of THA and TKA in the New Zealand (NZ) healthcare system.  Methods Data were collected from 713 patients undergoing THA and 520 patients undergoing TKA at our local public hospital. SF-6D utility values were obtained from participants preoperatively and 1-year postoperatively, and deaths and any revision surgeries from patient records and the New Zealand Joint Registry at minimum 8-year follow-up. A continuous-time state-transition simulation model was used to estimate costs and health gains to 15 years. Quality-adjusted life years (QALYs), treatment costs, and incremental cost-effectiveness ratios (ICERs) were calculated to determine cost effectiveness. ICERs below NZ gross domestic product (GDP; NZ\$60 600) and 0.5 times GDP per capita were considered “cost effective” and “highly cost effective” respectively.  Results Cumulative health gains were 2.8 QALYs (THA) and 2.3 QALYs (TKA) over 15 years. Cost effectiveness improved from ICERs of NZ\$74,400 (THA) and NZ\$93,000 (TKA) at 1 year to NZ\$6000 (THA) and NZ\$7500 (TKA) at 15 years. THA and TKA were cost effective after 2 years and highly cost effective after 3 years. QALY gains and cost effectiveness were greater in patients with worse preoperative functional status and younger age.  Conclusion THA and TKA are highly cost-effective procedures over longer term horizons. Although preoperative status and age were associated with cost effectiveness, both THA and TKA remained cost effective in patients with less severe preoperative scores and older ages.",2021-01-21
"Coombs DM, Machado GC, Richards B, Wilson R, Chan J, Storey H, Maher CG","Healthcare costs due to low back pain in the emergency department and inpatient setting in Sydney, Australia",Lancet Regional Health - Western Pacific,75,,100089,2021,10.1016/j.lanwpc.2020.100089,"Background Low back pain is the leading cause of disability worldwide and a common presentation to emergency departments, often resulting in subsequent admissions to hospital. There have been several studies investigating the cost of low back pain to society, but few specific to the emergency department and inpatient setting, especially in Australia. The aim was to describe the cost of low back pain in Australian public hospital emergency departments, and inpatient settings, and explore healthcare costs associated with different care pathways.  Methods In this retrospective observational study, we explored the costs associated with an episode of care for low back pain in adults that attended three emergency departments in Sydney between 1 July 2014 and 30 June 2019. Systematised Nomenclature of Medicine—Clinical Terms (SNOMED) diagnosis codes were used to identify episodes of care where the patients had been diagnosed with non-specific low back pain or lumbosacral radicular syndromes. Serious spinal pathologies were excluded. We determined the costs for different treatment pathways involving the ambulance service, emergency department and inpatient ward care. Hospital costs were adjusted for inflation to 2019 Australian dollars (AUD).  Results There were 12,399 non-serious low back pain episodes of care during the study period. 4006 (32%) arrived by ambulance and 2067 (17%) were admitted for inpatient care. The total costs of inpatient and emergency department care across the 5-year period were AUD\$36.7 million, with a mean of AUD\$2959 per episode of care. The mean cost for a patient who had a non-ambulance presentation to the emergency department and was discharged was AUD\$584. Patients presenting to the emergency department via ambulance and were discharged had a mean cost of AUD\$1022. Patients who presented without the need of an ambulance and were admitted had a mean cost of \$13,137. The most expensive care pathway was for patients arriving by ambulance with subsequent admission, with a mean cost of AUD\$14,949.  Interpretation The common practice of admitting patients with non-serious low back pain for inpatient care comes at great cost to the healthcare system. In a resource constrained environment, our data highlights the economic need to implement innovative, evidence-based strategies to reduce the inpatient management of these patients.",2021-01-29
"Wilson R, Chua J, Briggs AM, Abbott JH",The cost-effectiveness of recommended adjunctive interventions for knee osteoarthritis: Results from a computer simulation model,Osteoarthritis and Cartilage Open,2,4,100123,2020,10.1016/j.ocarto.2020.100123,"Objective To estimate the potential lifetime health gains, healthcare costs, and cost-effectiveness of recommended adjunctive treatments for knee osteoarthritis delivered in addition to established core treatments, relative to core treatment only, from the perspective of the New Zealand (NZ) healthcare sector.  Design Recommended adjunctive knee osteoarthritis treatments were identified in clinical practice guidelines. Evidence of effectiveness was sourced from existing systematic reviews and meta-analyses. Treatment costs were calculated by applying local reference prices to estimated resource use. We used a validated computer simulation model of the impacts of knee osteoarthritis to estimate the cost-effectiveness of each adjunctive treatment at willingness-to-pay thresholds of one (primary), two, and three times per-capita GDP (\$NZ52 300).  Results Data were collected on nine recommended adjunctive treatments: aquatic-based exercise, heat therapy, massage therapy, walking cane, cognitive behavioural therapy (CBT), topical non-steroidal anti-inflammatory drugs (NSAIDs), oral NSAIDs, intra-articular corticosteroids, and duloxetine. Relative to core treatments only, walking cane and heat therapy were cost-saving and provided greater QALYs; aquatic exercise and intra-articular corticosteroids were also cost-effective at all WTP thresholds. Topical NSAIDs and CBT were cost-effective only at higher WTP thresholds, while duloxetine, massage therapy, and oral NSAIDs were not cost-effective at any relevant threshold. Results were generally robust to varying modelling assumptions, although topical and oral NSAIDs and CBT became cost-effective in some scenarios.  Conclusions Delivering high-value, low-cost adjunctive interventions for knee osteoarthritis, alongside recommended core treatment, could deliver substantial health gains at low cost to the health system.",2020-12-22
"Chua J, Hansen P, Briggs AM, Wilson R, Gwynne-Jones D, Abbott JH",Stakeholders’ preferences for osteoarthritis interventions in health services: A cross-sectional study using multi-criteria decision analysis,Osteoarthritis and Cartilage Open,2,4,100110,2020,10.1016/j.ocarto.2020.100110,"Objective To combine cross-sectoral stakeholders’ preferences over interventions for knee osteoarthritis (OA) with guideline recommendations and evidence about interventions, and to investigate if these preferences differ by stakeholder group.  Design A survey based on multi-criteria decision analysis was implemented whereby the stakeholders revealed the relative importance, represented as weights, of eight criteria for choosing or recommending knee OA interventions. Using data from an OA clinical guideline, 15 recommended interventions were rated on the criteria and ranked by their total scores, calculated by summing the corresponding weights. Associations between the weights and stakeholder groups were explored using regression analysis.  Results Participants comprised 58 consumers with OA, 5 Māori health advocates, 79 healthcare providers, 24 policy-informants and 12 OA-researchers (N = 178; 63% female, [mean age±SD] 54 ± 13 years). Mean weights on the eight criteria, in decreasing order of importance, are: recommendation: 19.0%; quality of evidence: 17.7%; effectiveness: 15.0%; duration of effect: 13.2%; risk of serious harm: 12.8%; risk of mild/moderate side-effects: 9.4%; cost: 6.6%; and accessibility: 6.3%. For first-, second- and third-line OA interventions respectively, all land-based exercise (total score = 71.7%), NSAIDs (topical) (74.2%) and total joint replacement (74.3%) were ranked first. At all care phases, the recommended core interventions of weight management and self-management education ranked between 11th and 15th (48.0%–56.0%). Regression analysis identified only small differences in weights (#sym.lt.eq;5.7%; p #sym.lt 0.01) between stakeholder groups.  Conclusions Not all recommended core interventions are preferred by cross-sectoral stakeholders, which may represent a barrier to their uptake. Stakeholders’ preferences do not appreciably differ by stakeholder group.",2020-12-22
"Pryymachenko Y, Wilson RA, Abbott JH, Dowsey MM, Choong PFM",Risk Factors for Chronic Opioid Use Following Hip and Knee Arthroplasty: Evidence from New Zealand Population Data,Journal of Arthroplasty,35,11,3099–3107.e14,2020,10.1016/j.arth.2020.06.040,"Background Patients awaiting total joint arthroplasty (TJA) have high rates of opioid use, and many continue to use opioid medications long term after surgery. The objective of this study is to estimate the risk factors associated with chronic opioid use after TJA in a comprehensive population-based cohort.  Methods All patients undergoing TJA in the New Zealand public healthcare system were identified from Ministry of Health records. Dispensing of opioid medications up to 3 years postsurgery and potential risk factors, including demographic, socioeconomic, and surgery-related characteristics, pre-existing medical comorbidities, and use of other analgesic medications prior to surgery, were identified from linked population databases. Logistic regression analysis was used to identify factors associated with chronic postoperative opioid use.  Results The strongest risk factor for chronic postoperative opioid use was preoperative opioid use. Other significant risk factors included perioperative opioid use, history of alcohol or drug abuse, younger age, female gender, knee arthroplasty, several comorbid health conditions, and preoperative use of some analgesic medications. Protective factors included higher education levels and preoperative use of nonsteroidal anti-inflammatory drugs. Most risk factors had similar effects on chronic postoperative opioid use irrespective of the length of follow-up considered (1, 2, or 3 years).  Conclusion This study of a comprehensive nationwide population-based cohort of TJA patients with 3 years of follow-up identified several modifiable risk factors and other easily measured patient characteristics associated with higher risk of long-term postoperative opioid use.",2020-06-26
"Gwynne-Jones DP, Gwynne-Jones JH, Wilson RA","Response to Letter to the Editor on ""The Functional Outcomes of Patients With Knee Osteoarthritis Managed Nonoperatively at the Joint Clinic at 5-Year Follow-Up: Does Surgical Avoidance Mean Success?""",Journal of Arthroplasty,35,10,3060–3061,2020,10.1016/j.arth.2020.05.054,"We agree that our article is observational and we acknowledge our loss to follow-up. We also agree with his comments regarding the varying definitions and ways of measuring success. In our article, we used validated patient-reported outcome measures, general questions on functional outcomes, and patients’ perceptions of need for surgery at 5-year follow-up, but did not ask patients specifically whether they regarded their treatment, either surgical or nonoperative, as a success.  … \[see the full letter published in the [Journal of Arthroplasty](10.1016/j.arth.2020.05.054)\]",2020-05-27
"Gwynne-Jones DP, Sullivan T, Wilson R, Abbott JH",The Relationship Between Preoperative Oxford Hip and Knee Score and Change in Health-Related Quality of Life After Total Hip and Total Knee Arthroplasty: Can It Help Inform Rationing Decisions?,Arthroplasty Today,6,3,585–589.e1,2020,10.1016/j.artd.2020.04.009,"Background In countries with publicly funded health care, there is an increasing need for explicit rationing for total joint arthroplasty (TJA). The Oxford Hip and Knee Scores (OHS/OKS) have been used to set access thresholds for TJA despite not being developed for that purpose. The aim of this study was to determine whether preoperative OHS/OKS can aid rationing decisions by investigating the changes in general health-related quality of life after TJA.  Methods OHS/OKS, Short Form-12, and Short Form-6D (SF-6D) scores were collected preoperatively and at 1 year postoperatively in a cohort of patients undergoing total hip arthroplasty (THA; n = 713) and total knee arthroplasty (TKA; n = 520). The association between preoperative OHS/OKS and postoperative score and the change in OHS/OKS and SF-6D was investigated, adjusting for age and gender.  Results The mean Oxford scores improved from 13.9 to 40.7 (OHS) and 15.6 to 37.4 (OKS). The mean SF-6D improved after THA (0.53 to 0.80) and TKA (0.56 to 0.78) (all P < .0001). Poorer preoperative Oxford scores were associated with poorer postoperative OHS/OKS and SF-6D but larger improvements. For every 5 points lower preoperative OHS/OKS, the postoperative SF-6D score was worse by a margin of 0.019 (THA) and 0.023 (TKA).  Conclusions Preoperative OHS/OKS can help inform rationing decisions. A lower preoperative OHS/OKS will result in greater gains but a lower final outcome score in general health-related quality of life.",2020-05-20
"Gwynne-Jones DP, Gwynne-Jones JH, Wilson RA",The Functional Outcomes of Patients With Knee Osteoarthritis Managed Nonoperatively at the Joint Clinic at 5-Year Follow-Up: Does Surgical Avoidance Mean Success?,Journal of Arthroplasty ,35,9,2350–2356.e1,2020,10.1016/j.arth.2020.04.087,"Background Nonoperative management of patients with knee osteoarthritis (OA) through multidisciplinary programs may delay or reduce the need for total knee arthroplasty (TKA). However, avoidance of surgery may not represent success for the patient.  Methods A cohort of 120 patients with knee OA managed with at least 6 months of supervised nonoperative treatment coordinated through the Joint Clinic were reviewed at 5 years. Outcomes including Oxford knee score (OKS), Short Form 12 (SF-12), and SF-6D and other measures including analgesia use, global change, and perception of need for surgery were collected and compared with those from the cohort who had undergone TKA.  Results Seventy (62.5%) surviving patients were still being managed nonoperatively. There was no significant change in any outcome score (OKS, SF-12 physical component score, SF-12 mental component score, SF-6D) (P = .26 to .84). Forty-two patients had undergone TKA with mean time to surgery 29.0 months (range, 9-69 months). In this group, the mean OKS fell from 17.9 at baseline to 10.3 (range, 3-21) preoperatively (P < .0001) and at 5 years there was a significant improvement from baseline in OKS, SF-12 physical component score, and SF-6D scores (P < .0001). All outcome scores and change in scores were significantly higher for the surgical group (all P < .001).  Conclusion Although a high proportion of patients with knee OA have avoided surgery at 5 years, their outcomes show no improvement from baseline and are poorer than those who have undergone TKA. Avoidance of surgery should not necessarily be regarded as an indicator of success of nonoperative treatment for the patient.",2020-05-03
"Shadbolt C, Shilling S, Inacio MC, Abbott JH, Pryymachenko Y, Wilson R, Choong PFM, Dowsey MM",Opioid Use and Total Joint Replacement,Current Rheumatology Reports,22,,58,2020,10.1007/s11926-020-00929-0,"Purpose of Review We provide an overview of recent research into the relationship between preoperative opioid use and total joint replacement outcomes.  Recent Findings Recent findings indicate that total joint replacement patients with a history of preoperative opioid use experience higher rates of infection, revision, short-term complications, and prolonged postoperative opioid use, along with fewer improvements in pain and function following surgery. These risks are particularly pronounced among chronic opioid users. While the baseline risk profiles of these patients may contribute to higher rates of adverse outcomes, it is also plausible that certain outcomes are directly impacted by opioid use through mechanisms such as opioid-induced hyperalgesia and immunosuppression. There is little available data on the efficacy of interventions that aim to mitigate these risks.  Summary Well-designed clinical trials are needed to evaluate the efficacy of targeted perioperative interventions that aim to improve outcomes for this high-risk surgical population. Where such trials are not feasible, additional high-quality observational studies are necessary to further our understanding of the mechanisms underlying the relationships between opioid use and specific adverse outcomes.",2020-08-17
"Gwynne-Jones DP, Wilson R, McEwan C",National Referral Prioritization tool for first specialist assessment: results of a pilot study in orthopaedic surgery,ANZ Journal of Surgery,90,9,1738–1742,2020,10.1111/ans.16002,"Background Most public hospitals are receiving more referrals for first specialist assessment than they have capacity to see. Traditional priority categories are too broad for effective discrimination. In New Zealand (NZ) explicit prioritization is required by legislation and supported by the Medical Council of NZ. A new generic National Referral Prioritization tool (NRPT) has been developed which includes a patient impact on life score. This study reports its trial implementation in orthopaedic surgery in a single centre.  Methods Four months of referrals to the orthopaedic department were prioritized using the new NRPT and traditional clinical priority categories. Scores and acceptances were compared across conditions, surgeons and against the traditional categories.  Results The mean NRPT was 60.1 (range 23–99). The correlation with impact on life was 0.59. There was good consistency of scores between surgeons. The NRPT score was significantly different across clinical priority categories (urgent, semi-urgent, routine). A total of 305 referrals (49%) were accepted using the NRPT compared with 493 (79%) if the traditional tool had been used. Patients with foot and ankle, carpal tunnel syndrome and upper limb conditions had the lowest scores and were more likely to be declined.  Conclusions The NRPT is the first tool designed to prioritize referral letters. It is more discriminating than the clinical priority categories used previously. It allows fine-tuning of a threshold score to balance acceptances and capacity.",2020-05-26
"Gwynne-Jones JH, Wilson RA, Wong JMY, Abbott JH, Gwynne-Jones DP",The Outcomes of Nonoperative Management of Patients With Hip and Knee Osteoarthritis Triaged to a Physiotherapy-Led Clinic at Minimum 5-Year Follow-Up and Factors Associated With Progression to Surgery,Journal of Arthroplasty,35,6,1497–1503,2020,10.1016/j.arth.2020.01.086,"Background The purpose of this study is to determine outcomes of a nonoperative treatment service for hip and knee osteoarthritis (OA), the “Joint Clinic,” at minimum 5-year follow-up, and investigate factors that may influence progression to joint replacement surgery.  Methods This is an observational cohort study of 337 patients with hip (n = 151, 45%) or knee OA (n = 186, 55%) seen at the Joint Clinic, at 5-7 years of follow-up. Kaplan-Meier survival curves were used to determine survivorship of the affected joint and Cox regression used to determine factors associated with time to surgery.  Results At mean 6-year follow up, 188 (56%) patients had undergone or were awaiting total joint arthroplasty, 127 (38%) were still being managed nonoperatively, and 22 (7%) had died without having surgery. Patients with hip OA were more likely to have required surgery (111/151, 74%) than patients with knee OA (77/186, 41%) (chi-square = 33.6, P < .001). The 7-year surgery-free survival for hip OA was 23.7% and knee OA 55.9% (P < .001). Factors associated with increased likelihood of surgery were joint affected (hip, hazard ratio [HR] 2.80), Kellgren-Lawrence (KL) grade (KL 3, HR 2.02; KL 4, 4.79), and Oxford Hip/Knee Score (HR 1.34 for each 5 points worse at baseline).  Conclusion More than 50% of the patients referred to secondary care with mild-moderate knee OA may not need surgery at 7 years. Patients with hip OA and those with severe radiographic changes are more likely to require surgery and should not be delayed if there is not an adequate response to conservative measures.",2020-02-07
"Abbott JH, Wilson R",The projected burden of knee osteoarthritis in New Zealand: healthcare expenditure and total joint replacement provision---a response,New Zealand Medical Journal ,133,1509,77–78,2020,,"The main purpose of our analysis was to investigate to what extent healthcare costs (including TKR demand) will increase as a result of increasing population obesity in New Zealand. This focus required delimiting the population to that for which we had reliable population data and evidence of the association between obesity, OA and those effects. Among the top 20 causes of disability-related life-years lost in adults, many (such as cardiovascular causes and cancer) have shown decreases between 1990 and 2018, but OA has shown among the greatest rises. This is largely driven by people living longer with OA, rising obesity rates, increasing injury rates and earlier onset of OA.",2020-02-07
"Wilson R, Pryymachenko Y, Audas R, Abbott JH",Long-term opioid medication use before and after joint replacement surgery in New Zealand,New Zealand Medical Journal,132,1507,33–47,2019,,"Aim To describe the use of opioid analgesics over three years before and after total joint replacement surgery in New Zealand.  Method We extracted information on all individuals undergoing publicly funded total hip or knee replacement surgery in New Zealand between June 2011 and December 2014, and linked data on opioid prescribing, from the Statistics New Zealand Integrated Data Infrastructure. We analysed monthly opioid use over the three years before and after surgery and the transition from pre-operative and/or immediate post-operative use to chronic post-operative use.  Results The prevalence of opioid use increased from 7% three years before surgery to 22% immediately prior to surgery, was common (75%) in the month following surgery and declined rapidly to 10—12% per month over the following years. Patients dispensed opioids prior to surgery or in the post-operative recovery period were at significantly higher risk of subsequent chronic opioid use.  Conclusion Opioid analgesic prescribing was reduced following joint replacement surgery, although a substantial minority of patients remained long-term opioid users. Avoiding unnecessary pre-operative opioid use and limiting opioid use for post-operative pain management where appropriate could help to reduce the risk of potentially ineffective or harmful long-term opioid use in these patients.",2019-12-13
"Wilson R, Abbott JH",The projected burden of knee osteoarthritis in New Zealand: healthcare expenditure and total joint replacement provision,New Zealand Medical Journal,132,1503,53–65,2019,,"Aim To estimate the healthcare costs and demand for total knee replacement (TKR) associated with knee osteoarthritis in New Zealand over the period 2013-2038 and the contribution of increasing obesity rates to these costs.  Method We used the NZ-MOA computer simulation model of knee osteoarthritis in the New Zealand population. Osteoarthritis-related healthcare costs and TKR incidence were modelled for a 25-year horizon, for a starting cohort drawn from the 2013 New Zealand population. Population obesity projections were used to estimate the life-course of cohort obesity. Per-person projected outcomes were multiplied by national demographic population projections to obtain total population projections.  Results Healthcare costs of knee osteoarthritis were projected to increase from NZ\$199 million in 2013 to \$370 million in 2038. Annual TKR incidence was projected to increase from 5,070 to 9,040 over the same period. Projected increases in population obesity rates (above the obesity prevalence seen in 2013) accounted for 25% and 47% of the projected increase in per-capita healthcare costs and TKR provision rates, respectively.  Conclusion The healthcare burden of knee OA will continue to increase for the foreseeable future. Public health measures to reduce further increases in population obesity rates would contribute to slowing this rising burden.",2019-10-04
"Darlow B, Stanley J, Dean S, Abbott JH, Garrett S, Wilson R, Mathieson F, Dowell A",The Fear Reduction Exercised Early (FREE) approach to management of low back pain in general practice: A pragmatic cluster-randomised controlled trial,PLOS Medicine,16,9,e1002897,2019,10.1371/journal.pmed.1002897,"Background Effective and cost-effective primary care treatments for low back pain (LBP) are required to reduce the burden of the world’s most disabling condition. This study aimed to compare the clinical effectiveness and cost-effectiveness of the Fear Reduction Exercised Early (FREE) approach to LBP (intervention) with usual general practitioner (GP) care (control).  Methods and findings This pragmatic, cluster-randomised controlled trial with process evaluation and parallel economic evaluation was conducted in the Hutt Valley, New Zealand. Eight general practices were randomly assigned (stratified by practice size) with a 1:1 ratio to intervention (4 practices; 34 GPs) or control group (4 practices; 29 GPs). Adults presenting to these GPs with LBP as their primary complaint were recruited. GPs in the intervention practices were trained in the FREE approach, and patients presenting to these practices received care based on the FREE approach. The FREE approach restructures LBP consultations to prioritise early identification and management of barriers to recovery. GPs in control practices did not receive specific training for this study, and patients presenting to these practices received usual care. Between 23 September 2016 and 31 July 2017, 140 eligible patients presented to intervention practices (126 enrolled) and 110 eligible patients presented to control practices (100 enrolled). Patient mean age was 46.1 years (SD 14.4), and 46% were female. The duration of LBP was less than 6 weeks in 88% of patients. Primary outcome was change from baseline in patient participant Roland Morris Disability Questionnaire (RMDQ) score at 6 months. Secondary patient outcomes included pain, satisfaction, and psychosocial indices. GP outcomes included attitudes, knowledge, confidence, and GP LBP management behaviour. There was active and passive surveillance of potential harms. Patients and outcome assessors were blind to group assignment. Analysis followed intention-to-treat principles. A total of 122 (97%) patients from 32 GPs in the intervention group and 99 (99%) patients from 25 GPs in the control group were included in the primary outcome analysis. At 6 months, the groups did not significantly differ on the primary outcome (adjusted mean RMDQ score difference 0.57, 95% CI −0.64 to 1.78; p = 0.354) or secondary patient outcomes. The RMDQ difference met the predefined criterion to indicate noninferiority. One control group participant experienced an activity-related gluteal tear, with no other adverse events recorded. Intervention group GPs had improvements in attitudes, knowledge, and confidence compared with control group GPs. Intervention group GP LBP management behaviour became more guideline concordant than the control group. In cost-effectiveness, the intervention dominated control with lower costs and higher Quality-Adjusted Life Year (QALY) gains. Limitations of this study were that although adequately powered for primary outcome assessment, the study was not powered for evaluating some employment, healthcare use, and economic outcomes. It was also not possible for research nurses (responsible for patient recruitment) to be masked on group allocation for practices.  Conclusions Findings from this study suggest that the FREE approach improves GP concordance with LBP guideline recommendations but does not improve patient recovery outcomes compared with usual care. The FREE approach may reduce unnecessary healthcare use and produce economic benefits. Work participation or health resource use should be considered for primary outcome assessment in future trials of undifferentiated LBP.",2019-09-09
"Abbott JH, Wilson R, Pinto D, Chapple CM, Wright AA",Incremental clinical effectiveness and cost effectiveness of providing supervised physiotherapy in addition to usual medical care in patients with osteoarthritis of the hip or knee: 2-year results of the MOA randomised controlled trial,Osteoarthritis and Cartilage,27,3,424–434,2019,10.1016/j.joca.2018.12.004,"Objective To investigate the clinical- and cost-effectiveness at 2-year follow-up of providing individual, supervised exercise physiotherapy and/or manual physiotherapy in addition to usual medical care.  Method People with hip or knee osteoarthritis meeting the American College of Rheumatology clinical diagnostic criteria were randomised (1:1, concealed, assessor-blinded) to four groups: usual medical care; supervised exercise physiotherapy; manual physiotherapy; or combined exercise and manual physiotherapy. Physiotherapy group participants were provided 10 50-min treatment sessions including booster sessions at 4 and 13 months, in addition to usual care. The primary outcome at 2-year follow-up was incremental cost-utility ratio (ICUR) of each physiotherapy intervention in addition to usual care, compared with usual care alone, from the health system and societal perspectives. To allow interpretation of negative ICURs, we report incremental net benefit (INB). The primary clinical outcome was the Western Ontario and McMaster Osteoarthritis Index (WOMAC).  Results Of 206 patients, 186 (90.3%) were retained at 2-year follow-up. Exercise physiotherapy and manual physiotherapy dominated usual care, demonstrating cost savings; combined therapy did not. Exercise therapy had the highest incremental net benefits (INBs), statistically significant at all willingness-to-pay (base-case: societal New Zealand (NZ)\$6,312, 95%CI 334 to 12,279; health system NZ\$8,065, 95%CI 136 to 15,994). Clinical improvements were superior to usual care only in the exercise physiotherapy group (−28.2 WOMAC points, 95%CI -49.2 to −7.1). No serious adverse events were recorded.  Conclusion Individually supervised exercise therapy is cost-effective and clinically effective in addition to usual medical care at 2-year follow-up, and leads to cost savings for the health system and society.",2018-12-13
"Wilson R, Abbott JH","Age, period and cohort effects on body mass index in New Zealand, 1997-2038",Australian and New Zealand Journal of Public Health,42,4,396–402,2018,10.1111/1753-6405.12804,"Objective To estimate the effects of age, period and birth cohort on observed trends, and to provide short- to medium-term projections of population BMI in New Zealand.  Methods Data were obtained from New Zealand national health surveys covering the period 1997 to 2015 (n=76,294 individuals). A Hierarchical Age-Period-Cohort (HAPC) model and an Age-Period model with interaction terms were specified for population groups defined by ethnicity and sex. Observed trends were extrapolated to estimate group-specific BMI projections for the period 2015—2038; these were weighted by projected population sizes to calculate population-wide BMI projections.  Results Population mean BMI increased from 26.4 kg/m^2^ (95%CI 26.2–26.5) in 1997 to 28.3 kg/m^2^ (95%CI 28.2–28.5) in 2015. Both models identified substantial, approximately linear, period trends behind this increase, with no significant cohort effects. Mean BMI was projected to reach 30.6 kg/m^2^ (95%CI 29.4—31.7; HAPC model) to 30.8 kg/m^2^ (95%CI 30.2—31.4; Age-Period model) by 2038.  Conclusion BMI continues to increase in New Zealand. On current trends, population mean BMI will exceed 30 kg/m^2^ — the clinical cut-off for obesity — by the early 2030s.  Implications for public health Unless prevented by comprehensive public health policy changes, increasing population obesity is likely to result in unfavourable economic and health impacts.",2018-07-04
"Wilson R, Abbott JH",Development and validation of a new population-based simulation model of osteoarthritis in New Zealand,Osteoarthritis and Cartilage,26,4,531–539,2018,10.1016/j.joca.2018.01.004,"Objective To describe the construction and preliminary validation of a new population-based microsimulation model developed to analyse the health and economic burden and cost-effectiveness of treatments for knee osteoarthritis (OA) in New Zealand (NZ).  Method We developed the New Zealand Management of Osteoarthritis (NZ-MOA) model, a discrete-time state-transition microsimulation model of the natural history of radiographic knee OA. In this article, we report on the model structure, derivation of input data, validation of baseline model parameters against external data sources, and validation of model outputs by comparison of the predicted population health loss with previous estimates.  Results The NZ-MOA model simulates both the structural progression of radiographic knee OA and the stochastic development of multiple disease symptoms. Input parameters were sourced from NZ population-based data where possible, and from international sources where NZ-specific data were not available. The predicted distributions of structural OA severity and health utility detriments associated with OA were externally validated against other sources of evidence, and uncertainty resulting from key input parameters was quantified. The resulting lifetime and current population health-loss burden was consistent with estimates of previous studies.  Conclusion The new NZ-MOA model provides reliable estimates of the health loss associated with knee OA in the NZ population. The model structure is suitable for analysis of the effects of a range of potential treatments, and will be used in future work to evaluate the cost-effectiveness of recommended interventions within the NZ healthcare system.",2018-01-10
"Wilson R, Blakely T, Abbott JH",Radiographic knee osteoarthritis impacts multiple dimensions of health-related quality of life: Data from the Osteoarthritis Initiative,Rheumatology,57,5,891–899,2018,10.1093/RHEUMATOLOGY/KEY008,"Objectives To estimate the multi-dimensional health impact of radiographic knee OA and quantify the overall health-related quality of life (HRQoL) burden, using a preference-based health utilities measure.  Methods Data on self-reported HRQoL, measured using the SF-12 multi-dimensional health state instrument, were obtained for 2895 patients with radiographic knee OA (Kellgren–Lawrence grade of at least 2) from the Osteoarthritis Initiative and for a general population sample of 3202 from the National Health Measurement Study. The SF-12 was converted to the six-dimensional SF-6D classification to compute preference-based health utilities. Generalized ordinal regression and multinomial regression were used to estimate the health loss on each SF-6D dimension for Osteoarthritis Initiative participants with radiographic knee OA relative to the general population, adjusted for differences in age, BMI, sex, ethnicity and educational level. Predicted SF-6D profiles were then used to compute the average HRQoL loss attributable to radiographic knee OA.  Results Radiographic knee OA was associated with substantial health losses on all dimensions of the SF-6D except for social functioning. Health losses increased with the radiographic severity of OA in dimensions related to physical health, while there was no relationship between worse radiographic disease and worse self-assessed health in mental and emotional dimensions of health. Overall, radiographic knee OA was associated with a HRQoL detriment of 0.040–0.044 at Kellgren–Lawrence grade 2, increasing to 0.045–0.050 at grade 3 and 0.073–0.081 at grade 4.  Conclusion Radiographic knee OA is significantly associated with worse HRQoL across most dimensions of health.",2018-02-21
"Abbott JH, Usiskin IM, Wilson R, Hansen P, Losina E",The quality-of-life burden of knee osteoarthritis in New Zealand adults: A model-based evaluation,PLOS ONE,12,10,e0185676,2017,10.1371/journal.pone.0185676,"Background Knee osteoarthritis is a leading global cause of health-related quality of life loss. The aim of this project was to quantify health losses arising from knee osteoarthritis in New Zealand (NZ) in terms of quality-adjusted life years (QALYs) lost.  Methods The Osteoarthritis Policy Model (OAPol), a validated Monte Carlo computer simulation model, was used to estimate QALYs lost due to knee osteoarthritis in the NZ adult population aged 40–84 over their lifetimes from the base year of 2006 until death. Data were from the NZ Health Survey, NZ Burden of Diseases, NZ Census, and relevant literature. QALYs were derived from NZ EQ-5D value set 2. Sensitivity to health state valuation, disease and pain prevalence were assessed in secondary analyses.  Results Based on NZ EQ-5D health state valuations, mean health losses due to knee osteoarthritis over people’s lifetimes in NZ are 3.44 QALYs per person, corresponding to 467,240 QALYs across the adult population. Average estimated per person QALY losses are higher for non-Māori females (3.55) than Māori females (3.38), and higher for non-Māori males (3.34) than Māori males (2.60). The proportion of QALYs lost out of the total quality-adjusted life expectancy for those without knee osteoarthritis is similar across all subgroups, ranging from 20 to 23 percent.  Conclusion At both the individual and population levels, knee osteoarthritis is responsible for large lifetime QALY losses. QALY losses are higher for females than males due to greater prevalence of knee osteoarthritis and higher life expectancy, and lower for Māori than non-Māori due to lower life expectancy. Large health gains are potentially realisable from public health and policy measures aimed at decreasing incidence, progression, pain, and disability of osteoarthritis.",2017-10-24
Wilson R,Does Governance Cause Growth? Evidence from China,World Development,79,,138–151,2016,10.1016/j.worlddev.2015.11.015,"This study tests the causal relationships between quality of governance and economic growth at the provincial level in China during the post-Mao reform era. Exploiting the wide cross-provincial variation and rapid change over time in governance institutions and economic performance in China during this period (covering 1985–2005), the study provides a new perspective on the relationship between governance and growth. Whereas a large body of prior literature has demonstrated a strong positive association between high-quality governance institutions and good economic performance at the cross-country level, few quantitative studies have explicitly tested the direction of causality between changes in governance quality and changes in economic outcomes. This study aims to address this gap in the literature by testing two causal hypotheses on the interplay between provincial-level governance and economic performance in China: (i) improvements in provincial quality of governance predict subsequent economic growth rates, and (ii) increases in provincial economic growth rates predict subsequent changes in quality of governance. Using new heterogeneous Granger causality tests that allow for potential differences in the causal relations across provinces, I show a significant and positive effect of economic growth on subsequent quality of governance, largely driven by growth in the secondary sector, but no significant effect of quality of governance on economic growth. These findings suggest that improvements in formal governance have not been a key factor driving China’s rapid growth; instead, the observed positive association between governance and growth reflects the ability of provincial governments to harness the potential created by economic growth to implement subsequent governance improvements. For researchers studying the effect of governance on growth, the results suggest that greater attention should be paid to possible reverse causality from economic outcomes to governance changes.",2015-12-17
"Wilson R, Hansen P, Langley J, Derrett S",A comparison of injured patient and general population valuations of EQ-5D health states for New Zealand,Health and Quality of Life Outcomes,12,,21,2014,10.1186/1477-7525-12-21,"Background A near-universal finding internationally is that patient valuations of their own health, represented using the EQ-5D system, are mostly higher than general population valuations of the same EQ-5D states. This paper investigates whether this result also applies to New Zealand. Despite the EQ-5D’s widespread use for cost-utility analysis in New Zealand, in particular by the Pharmaceutical Management Agency (PHARMAC) for health technology assessments, no previous studies comparing patient and general population valuations have included data for New Zealand.  Methods Valuations of 13 EQ-5D health states from a 1999 survey of the New Zealand general population (n = 396) are compared with injured New Zealanders’ (n = 2099) valuations of their own health (also represented on the EQ-5D) collected between 2007 and 2009 in the Prospective Outcomes of Injury Study. Which EQ-5D dimensions are most strongly associated with the population valuations is also investigated.  Results Injured population valuations are higher (better-rated health) than general population valuations for all 13 health states considered except 11111 (no problems on any EQ-5D dimension). This difference, which tends to be larger the ‘worse’ the state, is statistically significant at the 10% level for most of the states. State 11111 is rated significantly lower by the injured population than the general population. Pain/discomfort is more important in determining valuations for the general population than for injured people, whereas problems with self-care are more important for the injured population; anxiety/depression is important in both general and injured population valuations.  Conclusion Consistent with the international literature, injured people’s valuations of their own health are mostly higher than the general population’s hypothetical valuations of the same EQ-5D states for New Zealand. These differences are practically significant in the sense that they are larger than minimally important differences for the EQ-5D from the literature, and they appear capable of significantly affecting CUA results.",2014-02-18
"Wilson R, Derrett S, Hansen P, Langley JD","Costs of injury in New Zealand: Accident Compensation Corporation spending, personal spending and quality-adjusted life years lost",Injury Prevention,19,,124–129,2013,10.1136/injuryprev-2011-040252,"Background New Zealand offers a unique opportunity for cost-of-injury research due to its comprehensive, no-fault injury compensation insurance scheme, which is managed by the government-controlled Accident Compensation Corporation (ACC).  Objectives To estimate the costs of injury in New Zealand with respect to ACC’s spending for entitlement claimants (ie, people with injuries requiring more than ‘treatment only’), as well as injured individuals’ out-of-pocket personal spending and non-pecuniary costs in terms of effects on health-related quality of life (HRQoL).  Methods A prospective cohort study of people injured between June 2007 and May 2009 was followed for 12 months after injury. ACC’s spending for each participant (n=2215) was estimated from ACC data. Out-of-pocket personal spending and quality-adjusted life years (QALYs) lost were estimated based on interviews conducted at 3, 5 and 12 months post injury.  Results For the cohort studied, most of the reported financial costs of injury were met by ACC. ACC spending was higher for individuals with more severe injuries and ones admitted to hospital. There was no difference in mean personal spending between people who were hospitalised or not, or between those with minor or moderate injuries, although individuals with more severe injuries reported higher personal spending.  Conclusions Overall, the ACC appears to be performing well supporting injured people financially. Nonetheless, people with more severe injuries incur substantial out-of-pocket expenses. Costs are higher for hospitalised and more severe injuries, but non-hospitalised and less severe cases can still incur substantial costs. The HRQoL effects of injury—naturally, borne by injured individuals themselves—are relatively large on average.",2012-06-15
"Williamson M, Wilson R, McKechnie RC, Ross J",Does the positive influence of an undergraduate rural placement persist into postgraduate years?,Rural and Remote Health,12,2,2011,2012,10.22605/RRH2011,"Introduction Medical schools worldwide are playing a role in addressing the shortage of rural health practitioners. Selection of rural-origin students and long-term rural undergraduate placements have been shown to have a positive influence on a subsequent career choice of rural health. Evidence for the impact of short-term rural placements is less clear. In New Zealand, the Otago University Faculty of Medicine introduced a 7 week rural undergraduate placement at the Dunedin School Of Medicine, one of its three clinical schools, in 2000. A study of the first two annual cohorts showed a positive influence of the course on student attitudes to rural health and their intention to practise in a rural setting. The purpose of this study was to test whether or not these effects persisted into postgraduate years.  Method The original study cohorts were posted a questionnaire (questions worded identically to the original survey) in 2009 (5th and 6th postgraduate years). Non-responders were followed up after 2 months. Graduates from the same year cohort at the two other Otago clinical schools (Christchurch and Wellington) were also surveyed. In addition to analysis by question, principal component analysis (PCA) identified 3 questions which represented the influence of the medical undergraduate program on students’ attitudes towards rural general practice. This was used as an index of influence of the undergraduate curriculum.  Results There was a statistically significant difference among graduates from Dunedin and the other two schools in reporting a positive influence towards rural practice from the undergraduate course.When asked how the medical undergraduate program influenced their attitude towards a career in rural practice, 56% of respondents from Dunedin reported a positive influence compared with 24% from Christchurch and 15% Wellington. This effect was less strong than that obtained immediately after the rural placement where 70% of Dunedin based students reported a positive influence. The index value for positive effect on attitudes was significantly higher for respondents who studied at Dunedin than at Wellington (mean index value 0.552 for Dunedin, -0.374 for Wellington t=4.172, p=0.000) or Christchurch (mean index value -0.083 for Christchurch t=2.606, p=0.011). There was no significant difference between Christchurch and Wellington (t=1.420, p=0.160). There was no significant difference among schools in the proportion of graduates who had worked or intended to work in rural general practice at any point in their career (24% Dunedin, 31% Christchurch, 16% Wellington (Phi=0.160, p=0.178).  Conclusion Most of the literature on the influence of rural undergraduate placements, especially short term placements, examines immediate changes. This study adds to the evidence by showing that positive effects from a rural undergraduate placement persist into the postgraduate years, although that in isolation is unlikely to result in a significant workforce effect. Further investigation is warranted into which features of the undergraduate placement result in an extended positive effect on student attitudes.",2012-06-19
"Wilson R, Derrett S, Hansen P, Langley J",Retrospective evaluation versus population norms for the measurement of baseline health status,Health and Quality of Life Outcomes,10,,68,2012,10.1186/1477-7525-10-68,"Background Patient recall or the application of population norms are commonly used methods to estimate (unobservable) health status prior to acute-onset illness or injury; however, both measures are potentially subject to bias. This article reports tests of the validity of both approaches, and discusses the implications for reporting changes in health-related quality of life following acute-onset illness or injury.  Methods Recalled pre-injury health status and health status at 5- and 12-months post-injury were collected from participants in a prospective cohort study of people injured in New Zealand. Reported post-injury health status was compared with recalled pre-injury status and New Zealand norms for two groups: those who reported having fully recovered, and those who had not.  Results There was a small but statistically significant difference between pre- and post-injury health state valuations for people who had fully recovered, with recalled pre-injury health status being higher than reported post-injury health. Perceived health status for those who had fully recovered was significantly higher than the population norm.  Conclusions Retrospective evaluation of health status is more appropriate than the application of population norms to estimate health status prior to acute-onset injury or illness, although there may be a small upward bias in such measurements.",2012-06-14
